club,location,link
Alabama Mineral & Lapidary Society,Birmingham,http://www.lapidaryclub.com/
Dothan Gem & Mineral Club,Dothan,http://www.wiregrassrockhounds.com/
Huntsville Gem and Mineral Society,Huntsville,http://huntsvillegms.org/
Mobile Rock & Gem Society,Mobile,http://www.mobilerockandgem.com/
Montgomery Gem & Mineral Society,Montgomery,http://montgomerygemandmineralsociety.com/mgms/
Chugach Gem & Mineral Society,Anchorage,http://www.chugachgemandmineralsociety.com/
Mat-Su Rock and Mineral Club,Palmer,http://matsurockclub.com/
Apache Junction Rock and Gem Club,Apache Junction,http://www.ajrockclub.com/
Black Canyon City Rock Club,Black Canyon City,http://www.bccrockclub.mysite.com/
Daisy Mountain Rock & Mineral Club,Anthem,http://www.dmrmc.com/
Gila County Gem & Mineral Society,Miami,http://gilagem.org/
Huachuca Mineral and Gem Club,Sierra Vista,http://www.huachucamineralandgemclub.info/
Lake Havasu Gem & Mineral Society,Lake Havasu City,http://www.lakehavasugms.org/
Mineralogical Society of Arizona,Scottsdale,http://www.msaaz.org/
Mingus Gem & Mineral Club,Cottonwood,http://www.mingusclub.org/
Mohave County Gemstoners,Kingman,http://www.gemstoners.org/
Old Pueblo Lapidary Club,Tucson,http://www.lapidaryclub.org/
Prescott Gem & Mineral Club,Prescott Valley,http://www.prescottgemmineral.org/
Quartzsite Roadrunners Gem & Mineral Club,Quartzsite,http://www.qrgmc.org/
Rockhounds West,Phoenix,http://rockhounds.scwclubs.com/
Sedona Gem & Mineral Club,Sedona,http://www.sedonagemandmineral.org/
Silvery Colorado River Rock Club,Bullhead City,http://scrrc.blogspot.com/
Sunsites Gem and Mineral Club,Pearce,https://sites.google.com/site/cochisecountyrock/
Tucson Gem and Mineral Society,Tucson,http://www.tgms.org/
Verde River Rockhounds,Cottonwood,http://www.verderiverrockhounds.com/
West Valley Rock & Mineral Club,Buckeye,http://www.westvalleyrockandmineralclub.com/
White Mountain Gem & Mineral Club,Show Low,http://whitemountain-azrockclub.org/
Wickenburg Gem and Mineral Society,Wickenburg,http://www.wickenburggms.org/
"Central Arkansas Gem, Mineral and Geology Society",Little Rock,http://www.centralarrockhound.org/
Northwest Arkansas Gem & Mineral Society,Siloam Springs,http://www.nwarockhounds.org/
"Ozark Earth Science Gem, Mineral & Fossil Club",Mountain Home,https://www.ozarkearthscience.com/
Amador County Gem & Mineral Society,Sutter Creek,http://www.amadorgemandmineral.org/
American Opal Society,Anaheim,http://www.opalsociety.org/
Antelope Valley Gem and Mineral Club,Lancaster,http://avgem.weebly.com/
Antioch Lapidary Club,Antioch,http://www.antiochlapidaryclub.com/
Borrego Rock and Gem Club,Borrego Springs,http://www.abdnha.org/bragclub.html
Calaveras Gem & Mineral Society,Angels Camp,http://www.calaverasgemandmineral.org/
Carmel Valley Gem and Mineral Society,Pacific Grove,http://www.cvgms.rocks/
Central Coast Treasure Hunters Association,San Luis Obispo,http://www.cctha.org/
Coalinga Rockhound Society,Coalinga,https://sites.google.com/site/coalingarockhounds/
Conejo Gem & Mineral Club,Thousand Oaks,http://www.cgamc.org/
Contra Costa Mineral & Gem Society,Concord,http://www.ccmgs.org/
The Culver City Rock and Mineral Club,Culver City,http://culvercityrocks.org/
Del Air Rockhounds Club,Northridge,http://delairrockhounds.blogspot.com/
Delvers Gem & Mineral Society,Bellflower,https://delversgemclub.wordpress.com/
El Cajon Valley Gem & Mineral Society,El Cajon,http://www.ecvgms.org/
El Dorado County Mineral and Gem Society,Placerville,http://www.eldoradomineralandgem.org/
Faceters Guild of Southern California,Buena Park,http://www.fgosc.com/
"Fallbrook Gem and Mineral Society, Inc.",Fallbrook,http://www.fgms.org/FGMS/Home.html
Feather River Lapidary & Mineral Society,Oroville,http://www.featherriverrocks.org/
First Class Miners,Yucca Valley,http://www.firstclassminers.org/
"Fossils for Fun Society, Inc.",North Highlands,https://www.facebook.com/The-Fossils-for-Fun-Society-994879667246272/
Fresno Gem & Mineral Society,Fresno,http://fgms.us/
Gold Country Treasure Seekers,Placerville,https://goldcountrytreasureseekers.shutterfly.com/
Hi-Desert Rockhounds of Morongo Valley,Yucca Valley,http://www.hi-desertrockhounds.org/
Indian Wells Valley Gem & Mineral Society,Ridgecrest,http://indianwells.weebly.com/
Kern County Mineral Society,Bakersfield,http://kerncountymineralsociety.org/
Lemoore Gem and Mineral Club,Lemoore,https://www.facebook.com/Lemoore-Gem-and-Mineral-Club-706220872829687/
Livermore Valley Lithophiles,Livermore,http://www.lithophiles.com/
Line Pine Gem & Mieral Society,Lone Pine,http://lpgms.org/
Mariposa Gem & Mineral Club,Mariposa,http://mariposagmc.org/
Mineral & Gem Society of Castro Valley,Hayward,http://www.mgscv.org/
Mineralogical Society of Southern California,Pasadena,http://www.mineralsocal.org/
Mojave Desert Gem & Mineral Society,Barstow,http://www.mdgms.net/
Monrovia Rock Hounds Inc.,Monrovia,http://www.moroks.com/
Mother Lode Mineral Society,Modesto,http://www.motherlodemineralsociety.com/
Needles Gem & Mineral Club,Mohave Valley,http://needlesgemmineralclub.blogspot.com/
Nevada County Gem & Mineral Society,Grass Valley,http://www.ncgms.org/
Northern California Geological Society,Orinda,http://www.ncgeolsoc.org/
North Orange County Gem & Mineral Society,La Habra,http://www.nocgms.com/
Orange Belt Mineralogical Society,San Bernardino,http://obmsrocks.yolasite.com/
Orcutt Mineral Society,Santa Maria,http://www.omsinc.org/
Oxnard Gem & Mineral Society,Oxnard,http://oxnardgem.com/home/
Palmdale Gem & Mineral Club,Palmdale,https://www.facebook.com/palmdalegemandmineralclub/
Palomar Gem & Mineral Club,Escondido,http://palomargem.org/
Palos Verdes Gem & Mineral Society,Rolling Hills Estates,http://www.palos-verdes-gem-and-mineral-society.org/
Paradise Gem & Mineral Club,Paradise,http://www.paradisegem.org/
Pasadena Lapidary Society,Pasadena,http://www.pasadenalapidarysociety.org/
"Peninsula Gem & Geology Society, Inc.",Los Altos,http://pggs.org/
Roseville Rock Rollers,Roseville,http://www.rockrollers.com/
Route 66 Gold Miners Inc,Brea,http://www.route66goldminers.org/
Sacramento Mineral Society,Sacramento,http://www.sacramentomineralsociety.org/
Sacramento Valley Detecting Buffs,North Highlands,http://www.sacramentovalleydetectingbuffs.com/
Salinas Valley Rock and Gem Club,Salinas,https://salinasrockandgem.pagecloud.com/
San Diego Gem and Mineral Society,San Diego,http://www.sdmg.org/
San Diego Lapidary Society,San Diego,http://sandiegolapidarysociety.org/
"San Francisco Gem and Mineral Society, Inc.",San Francisco,http://www.sfgms.org/
San Joaquin Valley Lapidary Society,Bakersfield,http://sjvls.blogspot.com/
San Luis Obispo Gem & Mineral Club,San Luis Obispo,http://www.slogem.org/
"Santa Ana Rock & Mineral Club, Inc.",Santa Ana,http://www.sarmclub.org/
Santa Clara Valley Gem & Mineral Society,San Jose,http://www.scvgms.org/
Santa Cruz Mineral and Gem Society,Santa Cruz,https://www.facebook.com/scmgs/
Santa Lucia Rockhounds,Paso Robles,http://www.slrockhounds.org/
"Santa Rosa Mineral And Gem Society, Inc.",Santa Rosa,http://www.srmgs.org/
Searchers Gem and Mineral Society,Anaheim,https://www.searchersrocks.org/
"Searles Lake Gem and Mineral Society, Inc.",Trona,http://www1.iwvisp.com/tronagemclub/
Sequoia Gem and Mineral Society,Redwood City,http://www.sequoiagemandmineralsociety.org/
Shadow Mountain Gem & Mineral Society,Palm Springs,http://www.shadowmountaingemmineral.org/
Shasta Gem & Mineral Society,Redding,http://www.shastagemandmineral.com/
Sierra Pelona Rock Club,Newhall,http://www.sierrapelona.com/
South Bay Lapidary & Mineral Society,Torrance,https://southbaylapidaryandmineralsociety.com/
South Orange County Gem & Mineral Society,San Clemente,https://www.facebook.com/South-Orange-County-Gem-Mineral-Society-255366124502612/
Southern California Paleontological Society,Los Angeles,http://socalpaleo.com/
Stockton Lapidary & Mineral Club,Stockton,http://www.stocktonlapidary.com/
Sutter Buttes Gem & Mineral Society,Marysville,https://sutterbuttesgemmin.org/
Tehachapi Valley Gem & Mineral Society,Tehachapi,http://www.tvgms.org/
Tule Gem and Mineral Society,Farmersville,http://www.tulegem.com/
Vallejo Gem & Mineral Society,Vallejo,http://www.vjgems.org/
"Valley Prospectors, Inc.",San Bernardino,https://www.valleyprospectors.com/
"Ventura Gem & Mineral Society, Inc",Ventura,http://vgms.org/
Victor Valley Gem and Mineral Club,Victorville,http://www.vvgmc.org/
Vista Gem & Mineral Society,Vista,http://www.vistarocks.org/
West Coast Prospectors & Treasure Hunters Association,Garden Grove,http://westcoasters.org/
West End Prospectors Corporation,Norco,http://www.wepcgold.com
"Whittier Gem and Mineral Society, Inc.",Whittier,http://wgmsca.com/index.html
"Woodland Hills Rock Chippers, Inc.",San Fernando Valley,http://www.rockchippers.org/
Yucaipa Valley Gem & Mineral Society,Yucaipa,http://www.yvgms.org/wiki/
Canon City Geology Club,Canon City,http://www.canoncitygeologyclub.com/
Colorado Gold Camp,Frisco,http://coloradogoldcamp.com/
Colorado Mineral Society,Lakewood,http://www.coloradomineralsociety.org/
Colorado Prospector,Alamosa,http://www.coloradoprospector.com/
Colorado Springs Mineral Society,Colorado Springs,http://www.csms1936.com/
Columbine Gem and Mineral Society,Salida,http://rockaholics.org/
Denver Gem and Mineral Guild,Denver,http://denvergem.org/index.html
Flatirons Mineral Club,Boulder,http://flatironsmineralclub.org/
Fort Collins Rockhounds,Fort Collins,http://www.fortcollinsrockhounds.org/
Four Corners Gem & Mineral Club,Durango,http://www.durangorocks.org/
Friends of Mineralogy - Colorado Chapter ,Denver,http://friendsofmineralogycolorado.org/
Grand Junction Gem & Mineral Club,Grand Junction,http://www.grandjunctionrockclub.org/
Lake George Gem & Mineral club,Lake George,http://www.lggmclub.org/
"Littleton Gem and Mineral Club, Inc.",Littleton,http://littletongemandmineralclub.com/
Mile High Rock and Mineral Society,Arvada,http://www.milehirams.com/
North Jeffco Gem & Mineral Club,Arvada,http://www.peaktopeak.com/njeffco/index.php
Pueblo Rockhounds,Pueblo,http://www.pueblorockhounds.org/
Western Interior Paleontological Society,Denver,http://www.westernpaleo.org/
Bristol Gem & Mineral Club,Bristol,http://bristolgem.org/
Danbury Mineralogical Society,Danbury,http://danburymineralogicalsociety.weebly.com/
Lapidary and Mineral Society of Central Connecticut,Meriden,http://www.lmscc.org/
New Haven Mineral Club,New Haven,http://www.newhavenmineralclub.org/
Stamford Mineralogical Society,Stamford,http://www.stamfordmineralsociety.org/
"Delaware Mineralogical Society, Inc.",Wilmington,http://www.delminsociety.net/
Canaveral Mineral & Gem Society,Melbourne,http://www.canaveral-mgs.com/
Central Brevard Rock and Gem Club,Merritt Island,http://www.centralbrevardgems.org/
Central Florida Mineral and Gem Society,Winter Park,http://www.cfmgs.org/
Florida Fossil Hunters,Orlando,http://floridafossilhunters.com/
Florida Gold Coast Gem & Mineral Society,Hollywood,http://fgcgms.com/main/
Fossil Club of Lee County,Ft. Myers,http://www.fcolc.com/
Gainesville Gem & Mineral Society,Gainesville,http://gainesvillegms.weebly.com/
Gem and Mineral Society of the Palm Beaches,West Palm Beach,http://www.gemandmineralsociety.org/
"Imperial Bone Valley Gem, Mineral, & Fossil Society",Lakeland,http://www.bonevalley.net/
"Jacksonville Gem and Mineral Society, Inc.",Jacksonville,http://www.jaxgemandmineral.org/
"Miami Mineralogical and Lapidary Guild, Inc.",Miami,http://www.mmlg-inc.org/
Playground Gem and Mineral Society,Ft. Walton Beach,http://playgroundgem.org/
Southwest Florida Fossil Society,Punta Gorda,http://www.southwestfloridafossilsociety.org/
St Lucie County Rock and Gem Club,Port St Lucie,http://www.slcrockandgem.org/
Suncoast Gem and Mineral Society,St Petersburg,http://sgams.com/
Tampa Bay Fossil Club,Palm Harbor,http://www.tampabayfossilclub.com/
"Tampa Bay Mineral & Science Club, Inc.",Tampa,http://www.tampabayrockclub.com/
The Villages Gem and Mineral Society,The Villages,http://www.thevillagesgemandmineralsociety.com/
Tomoka Faceters Guild,Palm Coast,http://www.tomokafacetersguild.org/index.html
Withlacoochee Rockhounds,Spring Hill,http://www.withlacoocheerockhounds.com/
Athens Rock and Gem Club,Athens,http://www.athensrockandgemclub.org/
Augusta Gem & Mineral Society,Augusta,http://agams.club/
Cobb County Gem and Mineral Society,Marietta,https://www.ccgms.org/
"Georgia Mineral Society, Inc.",Norcross,http://www.gamineral.org/
Mid-Georgia Gem and Mineral Society,Macon,http://midgagmsorg.ipage.com/
Rome Georgia Mineral Society Inc.,Rome,https://rogams.wordpress.com/
"Hui Pohaku 'O Hawai'i Rock & Mineral Society of Hawai'i, Inc.",Honolulu,http://pohakugalore.net/Hui_pohaku/Hiu_pohaku_1.html
"Hells Canyon Gem Club, Inc.",Lewiston,http://www.hellscanyongemclub.com/
Idaho Falls Gem & Mineral Society,Idaho Falls,http://ifgemmineral.weebly.com/
"Idaho Gem Club, Inc.",Boise,http://www.idahogemclub.com/
Magic Valley Gem Club,Twin Falls,http://magicvalleygemclub.org/
North Idaho Mineral Club,Coeur d'Alene,http://www.northidahomineralclub.com/
Owyhee Gem & Mineral Society,Caldwell,http://www.owyheerocks.com/
Pend Oreille Rock and Gem Club,Oldtown,https://pendoreillerockandgemclub.wordpress.com/
Southeast Idaho Gem and Mineral Society,Boise,https://www.facebook.com/SEIGMS
Black Hawk Gem & Mineral Club,Rock Island,http://www.blackhawkgemandmineralclub.com/
Central Illinois Gem & Mineral Club,Decatur,http://rmkapta.wixsite.com/cigmc
Chicago Rocks & Minerals Society,Skokie,http://www.chicagorocks.org/
Elgin Rock Club,Elgin,http://elginrockclub.org/
"Geodeland Earth Science Clubs, Inc.",Macomb,http://www.geodeland.com/
Lincoln Orbit Earth Science Society,Springfield,http://www.loess.org/
Midwest Historical Research Society,Chicago,http://www.mhrsusa.com/
Northwest Illinois Rock Club,Freeport,http://nwilrockclubfrpt.blogspot.com/
Peoria Academy of Science Geology Section,Peoria,http://www.pasgeology.com/
Southern Illinois Earth Science Club,Benton,http://www.siesclub.org/
West Central Illinois Rock & Mineral Club,Macomb,http://www.rockchatter.com/
West Suburban Lapidary Club,Elmhurst,http://www.westsuburbanlapidaryclub.com/
500 Earth Sciences Club,Indianapolis,http://www.500earthsciencesclub.org/
Brown County Rock and Mineral Club,Nashville,http://browncountyrock.webs.com/
Calumet Gem & Mineral Society,Crown Point,https://www.facebook.com/calumetrockclub
Evansville Lapidary Society,Evansville,http://evansvillelapidarysociety.tumblr.com/
"Eastern Indiana Gem & Geological Society, Inc.",Richmond,http://eiggs.weebly.com/
"Lawrence County Rock Club, Inc",Bedford,http://www.lawrencecountyrockclub.org/
"Michiana Gem & Mineral Society, Inc.",South Bend,http://www.michianagms.org/
Three Rivers Gem & Mineral Society,Fort Wayne,http://3riversgem_mineral.tripod.com/
Cedar Valley Rocks and Minerals Society,Cedar Rapids,http://www.cedarvalleyrockclub.org/
Des Moines Lapidary Society,Des Moines,http://dmlapidary.org/
Geology Club @ Cornell College,Mount Vernon,http://orgs.cornellcollege.edu/geo_club/
Iowa State University Geology Club,Ames,https://www.facebook.com/ISUGEOCLUB/
River Valley Rockhounds,Fort Dodge,http://amfed.org/mwf/states/Iowa/RiverValley.html
The Sac & Fox Lapidary Club,Fairfield,http://members.iowatelecom.net/billrath/rock_club.html
Olathe Gem and Mineral Society,Kansas City,http://olathegemclub.com/
Topeka Gem & Mineral Society,Topeka,http://www.topekagms.org/
Wichita Gem and Mineral Society,Wichita,http://www.wgmsks.org/
Wichita Paleontological Society,Wichita,http://www.reocities.com/CapeCanaveral/Hangar/4265/home.html
Blue Grass Gem & Mineral Club of Central Kentucky,Lexington,http://bggamc.homestead.com/
KYANA Geological Society,Louisville,http://www.kyanageo.org/
Kentucky Paleontological Society,Lexington,http://www.uky.edu/OtherOrgs/KPS/
Ark-La-Tex Gem & Mineral Society,Shreveport,http://larockclub.com/
Baton Rouge Gem & Mineral Society,Baton Rouge,http://www.brgemandmineral.org/
DeRidder Gem & Mineral Society,Leesville,https://www.facebook.com/DeRidder-Gem-Mineral-Society-1123146734440993/
Kennebec Rocks and Minerals Club,Winthrop,http://kennebec-rocksandminerals.com/
Maine Mineralogical & Geological Society,Portland,http://mainemineralclub.org/
Oxford County Mineral and Gem Association,South Paris,http://ocmgassoc.blogspot.com/
Penobscot Mineral and Lapidary Club,Milford,http://penobscotminerallapidaryclub.com/index.html
American Fossil Federation,Bowie,http://americanfossilfederation.org/Home.html
Baltimore Mineral Society,Baltimore,http://www.baltimoremineralsociety.org/
Calvert Marine Museum Fossil Club,Solomons,http://www.calvertmarinemuseum.com/209/Fossil-Club
Central Maryland Rock and Mineral Collectors Exchange,Elkridge,https://www.meetup.com/rockhounds/
Chesapeake Gem & Mineral Society,Baltimore,http://www.chesapeakegemandmineral.org/
"Gem Cutters Guild of Baltimore, Inc.",Baltimore,http://www.gemcuttersguild.com/
"Gem, Lapidary, and Mineral Society of Montgomery County, MD., Inc.",Rockville,http://www.glmsmc.com/
Maryland Geological Society,Bowie,http://www.ecphora.net/mgs/
Micromineralogists of the National Capital Area,"Washington, DC",http://dcmicrominerals.org/
Patuxent Lapidary Guild,Annapolis,http://www.patuxentlapidary.org/
Southern Maryland Rock and Mineral Club,Clinton,http://www.smrmc.org/
The Mineralogical Society of the District of Columbia,"Washington, DC",http://www.mineralogicalsocietyofdc.org/
"Boston Mineral Club, Inc.",Boston,http://www.bostonmineralclub.org/
Connecticut Valley Mineral Club,Springfield,http://www.cvmineralclub.org/
Micromounters of New England,Chemlsford,http://micromountersofnewengland.org/
Nashoba Valley Mineralogical Society,Westford,http://www.americantowns.com/ma/westford/organization/nashoba_valley_mineralogical_society
North Shore Rock & Mineral Club of Massachusetts,South Hamilton,http://www.northshorerock.org/
Northern Berkshire Mineral Club,North Adams,http://nbmclub.webs.com/
Southeastern Massachusetts Mineral Club,Bridgewater,http://semmc.com/
Worcester Mineral Club,Worcester,http://worcestermineralclub.org/
"Big Rapids Rock, Gem & Mineral Club",Big Rapids,https://sites.google.com/site/bigrapidsrockgemmineralclub/
Central Michigan Lapidary and Mineral Society,Lansing,http://michrocks.org/
Copper Country Rock and Mineral Club,Dollar Bay,http://www.ccrmc.info/
Flint Rock and Gem Club,Flint,http://www.flintrockandgem.org/
Grand Traverse Area Rock and Mineral Club,Traverse City,http://tcrockhounds.com/
Indian Mounds Rock & Mineral Club,Wyoming,http://www.indianmoundsrockclub.com/
Ishpeming Rock and Mineral Club,Ishpeming,http://www.ishpemingrocks.org/
Kalamazoo Geological & Mineral Society,Kalamazoo,http://kalamazoorockclub.org/
Livingston Gem & Mineral Society,Howell,http://www.livingstongemandmineralsociety.com/
Michigan Gem & Mineral Society,Michigan Center,http://mgmsrockclub.com/
Michigan Mineralogical Society,Bloomfield Hills,https://www.michmin.org/
Mid-Michigan Rock Club,Midland,http://www.midmichrockclub.com/?Page=1
Midwest Faceters' Guild,Grand Rapids,http://www.midwestfaceters.org/
Midwest Mineralological & Lapidary Society,Taylor,http://www.mmls.us/
Mikenauk Rock and Gem Club,Roscommon,http://mikenaukclub.weebly.com/
Mount Clemens Gem & Lapidary Society,Mt. Clemens,http://mcgls.org/
Oakland County Earth Science Club,Waterford,http://www.ocesc.com/
Roamin Club,Livonia,https://roaminrockclub.weebly.com/
StateLine Gem & Mineral Society,Morenci,http://statelinegms.com/
"Tulip City Gem & Mineral Club, Inc.",Holland,http://www.tulipcity.org/
Anoka County Gem & Mineral Club,Minneapolis,http://www.amfed.org/mwf/states/Minnesota/AnokaGem.html
"Cuyuna Rock, Gem and Mineral Society",Brainerd,http://cuyunarockclub.org/wp/
Minnesota Mineral Club,Falcon Heights,http://minnesotamineralclub.org/
Minnesota Valley Gem & Mineral Club,Mankato,http://www.mnvalleygemandmineralclub.com/
St Croix Rockhounds,Stillwater,http://stcroixrockhounds.org/
"Harrison County Gem & Mineral Society, Inc.",Gulfport,http://www.gulfportgems.org/
Mississippi Gem & Mineral Society,Jackson,http://missgems.org/
Mississippi Geological Society,Jackson,http://www.missgeo.com/
Mississippi Gulf Coast Gem and Mineral Society,Ocean Springs,http://www.mgcgms.org/
North Mississippi Gem and Mineral Society,Tupelo,http://www.nmgms.org/
Central Missouri Rock and Lapidary Club,Columbia,http://www.cmrlc.org/
Independence Gem & Mineral Society,Independence,http://www.igams.co/
Missouri Valley Gem & Mineral Society,St. Joseph,http://www.movalleyrockclub.com/
"Mozarkite Society of Lincoln, Inc.",Lincoln,http://www.mozarkite.com/
Ozark Mountain Gem & Mineral Society,Springfield,https://www.facebook.com/omgms.57
Rock Hobby Club of Greater Saint Louis,St. Louis,xxxxxhttp://rockhobby.stlearthsci.org/Home.aspxxxxxx
Rockwood Gem & Mineral Society,St. Louis,http://rockwood.stlearthsci.org/
St. Louis Mineral & Gem Society,St. Louis,http://www.stlrockclub.com/
"Show Me Gems & Minerals Club, Inc.",St. Peters,http://showme.stlearthsci.org/
Show-Me Rockhounds Kansas City,Kansas City,https://showmerockhounds.com/
"Billings Gem & Mineral Club, Inc.",Billings,http://www.billingsgemclub.com/
Bitterroot Gem & Mineral Society,Corvallis,http://www.ravalligemandmineralclub.org/
Bozeman Gem and Mineral Club,Bozeman,http://bozemangemandmineralclub.com/
Hellgate Mineral Society,Missoula,https://www.facebook.com/HellgateMineralSociety/
Kalispell Rockhound Club,Kalispell,http://www.kalispellrockhounds.org/
"Lincoln Gem & Mineral Club, Inc.",Lincoln,https://www.lincolngemmineralclub.org/
Comstock Gold Prospectors,Reno,http://cgpgold.org/
Great Basin Gem & Mineral Club,Carson City,http://greatbasingemandmineralclub.rocks/
High Desert Rockers,Carson City,https://highdesertrockers.wordpress.com/
Nye Gold Seekers,Pahrump,http://nyegoldseekers.webs.com/
Reno Gem and Mineral Society,Reno,http://www.renorockhounds.com/
Southern Nevada Gem and Mineral Society,Las Vegas,http://www.snvgms.org/
Capital Mineral Club,Concord,http://www.capitalmineralclub.org/
Keene Mineral Club,Keene,https://sites.google.com/site/keenemineralclub/home
Saco Valley Gem and Mineral Club,Conway,http://www.sacovalleygemandmineralclub.org/
Southeastern New Hampshire Mineral Club,Dover,https://www.senhmc.org/
Cape Atlantic Rockhounds Inc.,Cologne,http://www.capeatlanticrockhounds.com/
Delaware Valley Earth Science Society,Woodbury,http://www.dvess.org/
Friends of Mineralogy - New Jersey Chapter,Marlboro Township,https://fomnj.wordpress.com/
Morris Museum Mineralogical Society,Morristown,http://morrismuseum.org/mineral-society/
"New Jersey Mineralogical Society, Inc",Mountainside,http://www.njmin.org/
"North Jersey Mineralogical Society, Inc.",Paterson,http://www.nojms.webs.com/
Albuquerque Gem & Mineral Club,Albuquerque,http://www.agmc.info/
Carlsbad Gem and Mineral Society,Carlsbad,http://www.carlsbadgms.org/
Deming Gem & Mineral Society,Deming,http://www.thedgms.com/
"Grant County Rolling Stones Gem & Mineral Society, Inc.",Silver City,http://rollingstonesgms.blogspot.com/
Los Alamos Geological Society,Los Alamos,http://pweb.netcom.com/~hoffmans/LAGS.html
"Buffalo Geological Society, Inc.",Buffalo,http://www.bgsny.org/
Capital District Mineral Club,Albany,http://capitaldistrictmineralclub.com/
"Gem and Mineral Society of Syracuse, Inc.",Syracuse,http://www.gmss.us/
Island Rockhounds Inc.,Bellmore,http://www.islandrockhounds.org/
Long Island Mineral & Geology Society,Jamesport,http://www.limineralandgeology.com/LiMags/Home.html
Mid-Hudson Valley Gem and Mineral Society Inc.,Poughkeepsie,http://mhvgms.org/index.html
Nassau Mineral Club,Glen Cove,http://nassaumineralclub.org/
New York Mineralogical Club,NYC,http://www.newyorkmineralogicalclub.org/
New York Paleontological Society,NYC,http://www.nyps.org/index.htm
Orange County Mineral Society,Middletown,http://www.orangecountymineralsocietynewyork.com/
Rochester Academy of Science,Rochester,http://www.rasny.org/
Rochester Lapiday Society,Rochester,http://www.rochesterlapidary.org/
St. Lawrence County Rock & Mineral Club,Canton,http://stlawrencecountymineralclub.org/
Suffolk Gem & Mineral Club,Bay Shore,http://www.suffolkgem.com/
Wayne County Gem and Mineral Club,Newark,http://www.wcgmc.org/
Cape Fear Mineral & Gem Society,Fayetteville,http://www.mercergarden.com/GemClub.html
Catawba Valley Gem & Mineral Club,Hickory,http://www.cvgmc.com/
Central North Carolina Mineral Club,Chapel Hill,http://www.centralncmineralclub.org/
Charlotte Gem & Mineral Club,Charlotte,http://www.charlottegem.com/
Forsyth Gem and Mineral Club,Winston-Salem,http://www.forsythgemclub.com/fgmcmain.html
"Gaston Gem, Mineral and Faceters Club",Gastonia,http://gastongemclub.weebly.com/
Gem & Mineral Society of Franklin,Franklin,http://www.fgmm.org/
Greensboro Gem & Mineral Club,Greensboro,http://www.ggmc-rockhounds.com/
Henderson County Gem and Mineral Society,Hendersonville,http://hcgms.com/index.html
Mountain Area Gem and Mineral Association (MAGMA),Asheville,http://www.wncrocks.com/magma/magma.html
North Carolina Fossil Club,Raleigh,http://www.ncfossilclub.org/
Southern Appalachian Mineral Society,Asheville,http://www.main.nc.us/sams/
Tar Heel Gem & Mineral Club,Raleigh,http://www.tarheelclub.org/
Central Dakota Gem & Mineral Society,Bismarck,https://ndrockclub.org/
Brukner Gem and Mineral Club,Troy,http://www.bruknergemandmineralclub.com/
Cincinnati Mineral Society,Cincinnati,http://mineralsociety.org/
Columbus Rock and Mineral Society,Columbus,http://www.columbusrockandmineralsociety.org/
Dayton Gem & Mineral Society,Kettering,https://www.facebook.com/The-Dayton-Gem-Mineral-Society-140478502678195/
Dry Dredgers,Cincinnati,http://drydredgers.org/
Greater Cincinati Lapidary and Faceting Society,Loveland,http://cincinnatilapidary.weebly.com/
North Coast Fossil Club,Cleveland,http://ncfclub.org/
Ohio Geological Society,Worthington,https://ohiogeosoc.org/
Parma Lapidary Club,Cleveland,http://www.parmalapidary.com/
Richland Lithic & Lapidary Society,Mansfield,http://rlls.webs.com/
Summit Lapidary Club,Cuyahoga Falls,http://lapidaryclubofohio.org/
Toledo Gem & Rockhound Club,Toledo,http://rockyreader.com/
"Ada Gem, Mineral and Fossil Club",Ada,http://www.freewebs.com/agmfc/
Enid Gem & Mineral Society,Enid,http://www.enidgemandmineral.org/
Oklahoma Mineral and Gem Society,Oklahoma City,http://omgs-minerals.org/
Shawnee Gem and Mineral Society,Shawnee,https://www.facebook.com/Shawnee-Gem-and-Mineral-Society-524175917629452/
Tulsa Rock and Mineral Society,Tulsa,http://www.ttownrockhound.org/
Tahlequah Rock and Mineral Society,Tahlequah,http://tramsok.webs.com/
Central Oregon Rock Collectors,Redmond,https://corockcollectors.com/
Clackamette Mineral and Gem Club,Oregon City,http://www.clackamettegem.org/
Columbia-Willamette Faceters' Guild,Portland/West Linn,http://facetersguild.com/
FarWest Lapidary & Gem Society,North Bend,http://www.farwestlapidary.org/
Hatrockhounds Gem and Mineral Society,Hermiston,http://jall23.wixsite.com/hatrockhounds
Millennium Diggers Club,Portland,http://www.millenniumdiggers.com/
Mt Hood Rock Club,Gresham,https://mthoodrockclub.wordpress.com/
North American Research Group,Hillsboro,http://narg-online.com/
"Oregon Agate & Mineral Society, Inc.",Portland,http://www.oregonagate.org/
Oregon Coast Agate Club,Newport,http://www.coastagates.org/
Prineville Rockhound Pow-Wow Assoc.,Prineville,http://prineville.rocks/
Rock and Arrowhead Club of Klamath Falls,Klamath Falls,http://www.klamathrockclub.org/
Springfield Thunderegg Rock Club,Springfield,http://thundereggrockclub.blogspot.com/
Tualatin Valley Gem Club,Forest Grove,https://tvrgc.org/
"Willamette Agate and Mineral Society, Inc.",Salem,http://www.wamsi.net/
"Central Pennsylvania Rock and Mineral Club, Inc.",Harrisburg,http://www.rockandmineral.org/
"Che-Hanna Rock and Mineral Club, Inc.",Sayre,http://www.chehannarocks.com/
Delaware Valley Paleontological Society,Philadelphia,https://sites.google.com/site/dvpspaleo/
Friends of Mineralogy - Pennsylvania Chapter,St. Peters,http://www.rasloto.com/FM/
Gem City Rock and Mineral Society,Erie,http://www.gemcityrockclub.org/
Leidy Microscopical Society,Fairless Hills,http://leidymicroscopical.com/
"Mason-Dixon Rock, Mineral, Gemological, & Lapidary Club",Hanover,http://topgemz.com/
Mineralogical Society of Northeastern Pennsylvania,Moosic,http://msnepa.org/
Monongahela Rockhounds,Pittsburgh,http://www.monongahelarockhounds.org/
Monroe County Earth Science Association,Stroudsburg,http://www.mdsysconsulting.com/MCESA/
Moraine Rockbusters,Mars,http://www.morainerockbusters.org/
Nittany Mineralogical Society,State College,http://www.nittanymineral.org/
Pennsylvania Earth Sciences Association,Whitehall,http://www.mineralfest.com/
Philadelphia Mineralogical Society,Philadelphia,http://www.phillyrocks.org/
Pittsburgh Geological Society,Pittsburgh,http://www.pittsburghgeologicalsociety.org/index.html
Tuscarora Lapidary Society,Brookhaven,http://www.lapidary.org/
"Rhode Island Mineral Hunters, Inc.",Warwick,http://rimh.us/
Aiken Gem and Mineral Society,Aiken,http://www.aikengmfs.org/
Columbia Gem & Mineral Society,Columbia,http://www.cgams.org/
Lowcountry Gem and Mineral Society,North Charleston,http://lowcountrygemandmineralsociety.org/
Pendleton District Gem and Mineral Society,Central,http://www.woodsmere.com/pdgms/
Western South Carolina Gem and Mineral Society,Greenville,http://www.wescagem.org/
Sioux Empire Gem and Mineral Society,Sioux Falls,http://www.segams.org/
Western Dakota Gem & Mineral Society,Rapid City,http://www.wdgms.org/
Knoxville Gem & Mineral Society,Knoxville,http://www.knoxrocks.org/
Memphis Archaeological & Geological Society,Memphis,http://www.memphisgeology.org/
Middle Tennessee Rockhounds,Nashville,http://www.rockhound.org/
Mid-Tennessee Gem and Mineral Society,"Murfreesboro, Donelson, Tullahoma",http://www.mtgms.org/
Arlington Gem and Mineral Club,Arlington,http://www.agemclub.org/
Austin Gem and Mineral Society,Austin,http://www.austingemandmineral.org/index.html
Central Texas Gem & Mineral Society,Abilene,http://rockclub.txol.net/
Chihuahuan Desert Gem and Mineral Club,Alpine,http://www.cdgmc.org/
Clear Lake Gem and Mineral Society,Houston,http://www.clgms.org/
"Cowtown Gem, Mineral & Glass Society",Fort Worth,http://cera-fw.org/gem-mineral-glass/
Dallas Gem and Mineral Society,Dallas,http://www.dallasgemandmineral.org/
Dallas Paleontological Society,Dallas,https://dps.wildapricot.org/
East Texas Gem and Mineral Society,Tyler,http://www.etgms.com/
"El Paso Mineral and Gem Society, Inc.",El Paso,http://www.epmgs.com/
Fort Worth Gem and Mineral Club,Fort Worth,http://www.fortworthgemandmineralclub.org/
Fredericksburg Rockhounds,Fredericksburg,http://fredericksburgrockhounds.org/
Geological Society of San Antonio,San Antonio,http://www.geosa.org/
"Golden Spread Gem, Mineral and Treasure Society",Amarillo,http://www.amarillotreasure.com/
Gulf Coast Gem & Mineral Society,Corpus Christi,http://www.gcgms.org/
Houston Gem and Mineral Society,Houston,http://www.hgms.org/
Lubbock Gem and Mineral Society,Lubbock,http://www.lubbockgemandmineral.org/
"Midland Gem and Mineral Society, Inc.",Midland,https://www.facebook.com/midlandgemandmineral/
Oak Cliff Gem and Mineral Society,Dallas,http://www.ocgemandmineral.com/
Paleontological Society of Austin,Austin,http://www.austinpaleo.org/
Pine Country Gem & Mineral Society,Jasper,http://www.pinecountry-gms.org/
Piney Woods Gem & Mineral Society,Huntsville,http://www.pwgms.org/
Pleasant Oaks Gem & Mineral Club,Dallas,http://www.pogmc.org/
"Rollin' Rock Club, Inc.",Rollin' Rock Club Of Texas And Any Other State Or Country Of The World and Outer Space,https://sites.google.com/site/rollinrockclub/
South Texas Geological Society,San Antonio,http://www.stgs.org/
Southwest Gem and Mineral Society,San Antonio,http://www.swgemandmineral.org/
Texas Faceters Guild,Houston,http://texasfacetersguild.org/
"Tri-City Gem and Mineral Society, Inc.",Temple,https://www.facebook.com/midlandgemandmineral/
Waco Gem and Mineral Club,Waco,http://www.wacogemandmineral.org/
Williamson County Gem and Mineral Society,Georgetown,http://www.wcgms.org/
"Wise County Fossil, Rock and Mineral Society",Decatur,http://wisecofossilrockandmineralsoc.weebly.com/
Beehive Rock and Gem Club,Ogden,http://www.beehiverockandgem.com/
Cache Rock and Gem Club,Smithfield,http://cacherockgemclub.weebly.com/
Golden Spike Gem & Mineral Society,Ogden,http://goldenspikegem.org/
Mineral Collectors of Utah,Salt Lake City,http://m-c-u.org/
Moab Rock Club,Moab,https://www.facebook.com/Moab-Rock-Club-1508131859497762/
Rockhounders Outreach for Community Knowledge,Sandy,http://www.rockhoundersock.com/
Timpanogos Gem & Mineral Society,Provo,http://timprocks.weebly.com/
Tooele Gem & Mineral Society,Tooele,https://www.facebook.com/Tooele-Gem-Mineral-Society-1742342656045404/
Wasatch Gem Society,Salt Lake City,http://www.wasatchgemsociety.com/
Burlington Gem and Mineral Club,Burlington,http://www.burlingtongemandmineralclub.org/
Rutland Rock & Mineral Club,Rutland,http://www.rutlandrockmineralclub.50webs.com/
"Gem and Mineral Hunters, Inc.",Manassas,http://www.gmhonline.org/
Gem and Mineral Society of Lynchburg,Lynchburg,http://www.lynchburgrockclub.org/
Gem and Mineral Society of the Virginia Peninsula,Hampton,http://www.gmsvp.org/
"Northern Virginia Mineral Club, Inc.",Arlington,http://www.novamineralclub.org/
Richmond Gem & Mineral Society,Richmond,http://www.rgms-va.info/
Roanoke Valley Mineral & Gem Society,Roanoke,https://www.facebook.com/RVMGS/
Shenandoah Valley Gem & Mineral Society,Waynesboro,http://www.shenandoahvalleyrockclub.org/
Tidewater Gem & Mineral Society,Virginia Beach,http://tgms.weebly.com/
"Bellevue Rock Club, Inc.",Bellevue,http://www.bellevuerockclub.org/
Cascade Mineralogical Society Inc,Kent,http://www.cascademineralogicalsociety.org/
Clallam County Gem & Mineral Association,Port Angeles,http://www.olympicrocks.com/
Darrington Rock & Gem Club,Darrington,https://www.facebook.com/DarringtonRGC/
East KingCo Rock Club,Kirkland,http://www.eastkingco.org/
Everett Rock & Gem Club,Everett,http://www.everettrockclub.com/
Ginkgo Mineral Society,Wenatchee,http://wenatcheerockclub.org/
Kitsap Mineral and Gem Societ,Bremerton,http://www.kmgs.org/
"Lakeside Gem & Mineral Club, Inc.",Kennewick,http://www.lakesidegemandmineralclub.com/
Maplewood Rock & Gem Community Club,Edmonds,http://www.maplewoodrockclub.com/
Marcus Whitman Gem and Mineral Society,Walla Walla,https://www.sites.google.com/site/mwgemandmineral/
"Marysville Rock & Gem Club, Inc.",Marysville,https://sites.google.com/site/marysvillerockngemclub/
Mount Baker Rock And Gem Club,Bellingham,http://mtbakerrockclub.org/
North American Miners Association,Kent,http://www.namaminers.org/
North Puget Sound Facetors Guild,Mount Vernon,http://www.facetguild.com/
Northwest Paleontological Association,Puget Sound,http://nwpaleo.org/
Panorama Gem & Mineral Club,Arden,http://panoramagem.com/
Puyallup Valley Gem & Mineral Club,Puyallup,https://www.facebook.com/PuyallupValleyGemClub
Skagit Rock and Gem Club,Mt. Vernon,https://www.skagitrockandgem.com/
Spokane Rock Rollers Club,Spokane Valley,http://www.rockrollers.org/WP/
North Seattle Lapidary & Mineral Club,Seattle,http://www.northseattlerockclub.org
Washington Agate and Mineral Society,Olympia,https://wamsolympia.wordpress.com
West Seattle Rock Club,Seattle,http://www.westseattlerockclub.org/
Yakima Rock & Mineral Club,Yakima,http://www.yakimarockclub.com/
Kanawha Rock and Gem Club,Charleston,http://www.kanawharockandgemclub.org/
Prehistoric West Virginia,Morgantown,http://prehistoricplanet.com/wv/
West Virginia Fossil Club Inc,Clarksburg,http://www.westvirginiafossilclub.com/
"Badger Lapidary & Geological Society, Inc.",Monroe,http://www.badgerrockclub.org/
Coulee Rock Club of La Crosse,La Crosse,https://www.facebook.com/pages/The-Coulee-Rock-Club/182345351787782
Heart of Wisconsin Gem & Mineral Society,Marshfield & Stevens Point,https://www.heartofwisconsinrocks.com/
Kettle Moraine Geological Society,Pewaukee,http://www.kmgsrocks.com/
Lakeland Gem Club,Minocqua,http://www.lakelandgemclub.com/
Madison Gem and Mineral Club,Madison,http://www.madisonrockclub.org/
Northwest Wisconsin Gem & Mineral Society,Cameron,http://www.cameronamericanlegion.org/rockclub.html
Oshkosh Earth Science Club,Oshkosh,https://sites.google.com/site/oshkoshearthscienceclub/home
"Racine Geological Society, Inc",Racine,http://rgs-wi.tripod.com/
Weis'n'Miners Geology Club,Menasha,http://www.weismuseum.org/geology-club.html
Wisconsin Geological Society,West Allis,http://www.wisgeologicalsociety.com/
Cody 59ers Rock Club,Cody,http://www.cody59ers.com/
Riverton Mineral and Gem Society,Riverton,http://www.rivertonmgs.com/
Wyoming State Mineral and Gem Society,Cody,http://wymineralandgemsociety.org
